{"cameraMode":{"drawMode":0,"name":"Shaded","section":"Shading Mode"},"sceneLighting":false,"audioPlay":false,"sceneViewState":{"showFog":true,"showMaterialUpdate":false,"showSkybox":false,"showFlares":true,"showImageEffects":true,"showParticleSystems":true},"in2DMode":false,"pivot":{"x":0.04882262647151947,"y":-0.16314098238945008,"z":-0.08088940382003784},"rotation":{"x":-0.08677501231431961,"y":0.9044120907783508,"z":-0.22162140905857087,"w":-0.3541204631328583},"size":1.1162898540496827,"orthographic":false}