{"cameraMode":{"drawMode":0,"name":"Shaded","section":"Shading Mode"},"sceneLighting":true,"audioPlay":false,"sceneViewState":{"showFog":true,"showMaterialUpdate":true,"showSkybox":true,"showFlares":true,"showImageEffects":true,"showParticleSystems":true},"in2DMode":false,"pivot":{"x":-0.01371389627456665,"y":0.656169056892395,"z":0.6804686188697815},"rotation":{"x":-0.09345663338899613,"y":-0.23458263278007508,"z":0.022666143253445627,"w":-0.9673600196838379},"size":1.8594884872436524,"orthographic":false}