{"cameraMode":{"drawMode":0,"name":"Shaded","section":"Shading Mode"},"sceneLighting":true,"audioPlay":false,"sceneViewState":{"showFog":true,"showMaterialUpdate":true,"showSkybox":true,"showFlares":true,"showImageEffects":true,"showParticleSystems":true},"in2DMode":false,"pivot":{"x":0.5151839256286621,"y":0.032556116580963138,"z":2.5059478282928469},"rotation":{"x":0.178509920835495,"y":0.07362860441207886,"z":-0.014007339254021645,"w":0.9812243580818176},"size":2.4874091148376467,"orthographic":false}