{"cameraMode":{"drawMode":0,"name":"Shaded","section":"Shading Mode"},"sceneLighting":true,"audioPlay":false,"sceneViewState":{"showFog":true,"showMaterialUpdate":true,"showSkybox":true,"showFlares":true,"showImageEffects":true,"showParticleSystems":true},"in2DMode":false,"pivot":{"x":1.9216132164001465,"y":0.19874632358551026,"z":4.7865400314331059},"rotation":{"x":-0.10267038643360138,"y":-0.13177691400051118,"z":0.014114830642938614,"w":-0.9859625101089478},"size":12.704865455627442,"orthographic":false}