{"cameraMode":{"drawMode":0,"name":"Shaded","section":"Shading Mode"},"sceneLighting":true,"audioPlay":false,"sceneViewState":{"showFog":false,"showMaterialUpdate":false,"showSkybox":false,"showFlares":false,"showImageEffects":false,"showParticleSystems":false},"in2DMode":false,"pivot":{"x":-0.7449989318847656,"y":0.46136474609375,"z":-3.4137115478515627},"rotation":{"x":-0.07843649387359619,"y":0.8419218063354492,"z":-0.12900443375110627,"w":-0.5187294483184815},"size":17.8596134185791,"orthographic":false}