{"cameraMode":{"drawMode":0,"name":"Shaded","section":"Shading Mode"},"sceneLighting":false,"audioPlay":false,"sceneViewState":{"showFog":false,"showMaterialUpdate":false,"showSkybox":false,"showFlares":false,"showImageEffects":false,"showParticleSystems":false},"in2DMode":false,"pivot":{"x":-24.551340103149415,"y":-1.8852474689483643,"z":12.280538558959961},"rotation":{"x":-0.08601323515176773,"y":-0.3752232491970062,"z":0.035021133720874789,"w":-0.9223170876502991},"size":14.908538818359375,"orthographic":false}