{"cameraMode":{"drawMode":0,"name":"Shaded","section":"Shading Mode"},"sceneLighting":true,"audioPlay":false,"sceneViewState":{"showFog":true,"showMaterialUpdate":true,"showSkybox":true,"showFlares":true,"showImageEffects":true,"showParticleSystems":true},"in2DMode":false,"pivot":{"x":-13.540641784667969,"y":-3.728581428527832,"z":-1.2890214920043946},"rotation":{"x":0.10549736022949219,"y":-0.58366459608078,"z":0.07679729163646698,"w":0.8019341826438904},"size":20.700931549072267,"orthographic":false}