{"cameraMode":{"drawMode":0,"name":"Shaded","section":"Shading Mode"},"sceneLighting":false,"audioPlay":false,"sceneViewState":{"showFog":true,"showMaterialUpdate":true,"showSkybox":false,"showFlares":true,"showImageEffects":true,"showParticleSystems":true},"in2DMode":false,"pivot":{"x":8.482150077819825,"y":11.905580520629883,"z":-1.1126400232315064},"rotation":{"x":0.029610438272356988,"y":0.9557115435600281,"z":-0.2756121754646301,"w":0.1012210100889206},"size":2.4595437049865724,"orthographic":false}